[
    {
        "id":1,
        "name":"story book",
        "title":"lorem , ipsum dolor sit consullect ",
        "price":0,
        "category":"free",
        "image":"https://img.freepik.com/free-photo/front-view-stacked-books-graduation-cap-diploma-education-day_23-2149241011.jpg?ga=GA1.1.1110706799.1721832835&semt=sph"

},
{
    "id":2,
    "name":"comedy book",
    "title":"lorem , ipsum dolor sit consullect ",
    "price":100,
    "category":"entertainment",
    "image":"https://img.freepik.com/free-photo/front-view-stacked-books-graduation-cap-diploma-education-day_23-2149241011.jpg?ga=GA1.1.1110706799.1721832835&semt=sph"

},
{
    "id":3,
    "name":" sports book",
    "title":"lorem , ipsum dolor sit consullect ",
    "price":600,
    "category":"sports",
    "image":"https://img.freepik.com/free-photo/front-view-stacked-books-graduation-cap-diploma-education-day_23-2149241011.jpg?ga=GA1.1.1110706799.1721832835&semt=sph"

},
{
    "id":4,
    "name":"music book",
    "title":"lorem , ipsum dolor sit consullect ",
    "price":900,
    "category":"song",
    "image":"https://img.freepik.com/free-photo/front-view-stacked-books-graduation-cap-diploma-education-day_23-2149241011.jpg?ga=GA1.1.1110706799.1721832835&semt=sph"

},
{
    "id":5,
    "name":"horror book",
    "title":"lorem , ipsum dolor sit consullect ",
    "price":0,
    "category":"free",
    "image":"https://img.freepik.com/free-photo/front-view-stacked-books-graduation-cap-diploma-education-day_23-2149241011.jpg?ga=GA1.1.1110706799.1721832835&semt=sph"

},
{
    "id":6,
    "name":"band book",
    "title":"lorem , ipsum dolor sit consullect ",
    "price":0,
    "category":"free",
    "image":"https://img.freepik.com/free-photo/front-view-stacked-books-graduation-cap-diploma-education-day_23-2149241011.jpg?ga=GA1.1.1110706799.1721832835&semt=sph"

},
{
    "id":7,
    "name":"device book",
    "title":"lorem , ipsum dolor sit consullect ",
    "price":110,
    "category":"device",
    "image":"https://img.freepik.com/free-photo/front-view-stacked-books-graduation-cap-diploma-education-day_23-2149241011.jpg?ga=GA1.1.1110706799.1721832835&semt=sph"

},
{
    "id":8,
    "name":"Home book",
    "title":"lorem , ipsum dolor sit consullect ",
    "price":0,
    "category":"free",
    "image":"https://img.freepik.com/free-photo/front-view-stacked-books-graduation-cap-diploma-education-day_23-2149241011.jpg?ga=GA1.1.1110706799.1721832835&semt=sph"

},
{
    "id":9,
    "name":"rent book",
    "title":"lorem , ipsum dolor sit consullect ",
    "price":890,
    "category":"rent",
    "image":"https://img.freepik.com/free-photo/front-view-stacked-books-graduation-cap-diploma-education-day_23-2149241011.jpg?ga=GA1.1.1110706799.1721832835&semt=sph"

},
{
    "id":10,
    "name":"home book",
    "title":"lorem , ipsum dolor sit consullect ",
    "price":0,
    "category":"free",
    "image":"https://img.freepik.com/free-photo/front-view-stacked-books-graduation-cap-diploma-education-day_23-2149241011.jpg?ga=GA1.1.1110706799.1721832835&semt=sph"

},
{
    "id":11,
    "name":"Account book",
    "title":"lorem , ipsum dolor sit consullect ",
    "price":0,
    "category":"free",
    "image":"https://img.freepik.com/free-photo/front-view-stacked-books-graduation-cap-diploma-education-day_23-2149241011.jpg?ga=GA1.1.1110706799.1721832835&semt=sph"

}

]